,Id,SalePrice
0,1461,115746.89988613683
1,1462,150446.02486927522
2,1463,182579.6196252848
3,1464,202354.73253229703
4,1465,175746.36186091666
5,1466,182041.12328232345
6,1467,168064.8994957861
7,1468,185077.3048301466
8,1469,180214.88229920948
9,1470,130470.0274415272
10,1471,153510.69517341466
11,1472,100619.97287135133
12,1473,98216.36582204778
13,1474,137772.54113619163
14,1475,115928.91336773489
15,1476,289078.06011637254
16,1477,261238.95832359203
17,1478,272988.64724279
18,1479,279004.8884491365
19,1480,339256.44286813494
20,1481,295650.2342455968
21,1482,218315.77904742822
22,1483,178949.37565679554
23,1484,181000.07242410793
24,1485,184359.12038820708
25,1486,200053.82430214412
26,1487,299185.68668735254
27,1488,229962.2079409553
28,1489,218961.32508537458
29,1490,212924.18512810444
30,1491,223029.76147962117
31,1492,91346.23529192588
32,1493,200461.90186743613
33,1494,261384.37575112382
34,1495,249565.9194750344
35,1496,198017.19031957915
36,1497,176137.1922590393
37,1498,186366.8381087634
38,1499,164119.61708032322
39,1500,175937.65259921545
40,1501,176612.5089773176
41,1502,167318.93053687038
42,1503,241742.4931176417
43,1504,223897.28932717087
44,1505,210982.07884582056
45,1506,177649.0416827015
46,1507,218500.00162543112
47,1508,201330.4316917992
48,1509,161386.58409836184
49,1510,159735.57213493212
50,1511,168722.80714174232
51,1512,154972.64765924698
52,1513,126933.84702927276
53,1514,150189.55539735564
54,1515,167400.61103924853
55,1516,147879.49407667824
56,1517,173665.52735085913
57,1518,120736.60282153245
58,1519,211594.04461216164
59,1520,144150.60282358574
60,1521,142821.21004568273
61,1522,161128.60918921581
62,1523,120634.14050679389
63,1524,97658.67513394348
64,1525,118652.97759664877
65,1526,94287.15782515104
66,1527,120794.51352061568
67,1528,128082.7404104213
68,1529,131793.0483079673
69,1530,189243.4315167066
70,1531,143110.83099204156
71,1532,87432.38388555028
72,1533,130797.2252366547
73,1534,133321.98952824576
74,1535,129676.20272381071
75,1536,99376.6512467881
76,1537,71386.2630804659
77,1538,135634.4215010465
78,1539,157165.98840902327
79,1540,82097.86581630976
80,1541,117156.2718988207
81,1542,128963.05869366409
82,1543,165008.76839069248
83,1544,76533.03114376389
84,1545,100442.9779687535
85,1546,135839.20516887266
86,1547,130797.86871199786
87,1548,111577.84011594384
88,1549,125393.22823734314
89,1550,130077.54948344664
90,1551,84009.971112576
91,1552,127117.18519276765
92,1553,138818.34513082332
93,1554,124199.17202591618
94,1555,159933.9455987343
95,1556,102293.72638819258
96,1557,90022.35622432358
97,1558,108403.49857526978
98,1559,89433.65656758196
99,1560,113571.41285393611
100,1561,114975.81194173219
101,1562,155235.24902205754
102,1563,120309.58073408648
103,1564,161007.47121590032
104,1565,153327.870308901
105,1566,217473.34462125244
106,1567,77637.1601734251
107,1568,251473.93253070975
108,1569,156433.91317618827
109,1570,142668.15048399055
110,1571,115043.66533808358
111,1572,145508.2193723608
112,1573,232018.24547747523
113,1574,127093.73489330568
114,1575,214973.56393318763
115,1576,234912.68629047228
116,1577,193254.7924746389
117,1578,150774.4513563694
118,1579,161903.10434352027
119,1580,193301.97814211488
120,1581,166820.59275601173
121,1582,119990.99881421807
122,1583,257473.18122090137
123,1584,216097.75102851167
124,1585,145391.4279258983
125,1586,79419.0758301107
126,1587,96775.16273894336
127,1588,165307.52071372862
128,1589,80517.78126032445
129,1590,125846.04270318201
130,1591,100141.95231132429
131,1592,125178.46395704638
132,1593,115140.45743376795
133,1594,141810.90831730873
134,1595,127069.44230892404
135,1596,217461.4676320798
136,1597,187544.6098743148
137,1598,208969.88888362894
138,1599,161712.1101337287
139,1600,138566.39938243694
140,1601,68066.21271887692
141,1602,130180.92455888673
142,1603,91147.74188349277
143,1604,256640.31444379297
144,1605,210698.23710025806
145,1606,141527.14178731505
146,1607,157931.26756615116
147,1608,232288.33256959723
148,1609,196286.86126672715
149,1610,191318.4969377089
150,1611,138591.3311642328
151,1612,188570.49613690906
152,1613,180031.18239812687
153,1614,142939.94090765013
154,1615,89123.42651234759
155,1616,87149.30084086662
156,1617,106582.8627969044
157,1618,135695.83828233942
158,1619,139898.28282366108
159,1620,177603.87574791818
160,1621,150169.4049886379
161,1622,164014.10349656918
162,1623,241513.52657226188
163,1624,213161.6405176248
164,1625,117114.16692232946
165,1626,180240.54311026278
166,1627,196673.31606378566
167,1628,259168.55682438554
168,1629,174743.7746010095
169,1630,246463.80344674754
170,1631,228842.21336137375
171,1632,209855.12673734775
172,1633,176298.2378035066
173,1634,193370.4047213713
174,1635,183283.5842113369
175,1636,171342.12639653654
176,1637,189045.80452971373
177,1638,182868.42851586358
178,1639,191753.6479722224
179,1640,207836.13887759735
180,1641,190906.75425587228
181,1642,241296.19347862777
182,1643,214389.96545743343
183,1644,222123.7683583962
184,1645,190981.4307808705
185,1646,181055.12298975792
186,1647,158431.73727672242
187,1648,123461.66797550386
188,1649,150921.94247558035
189,1650,107703.40546343762
190,1651,128245.16069744201
191,1652,101465.88946750583
192,1653,101955.80385774715
193,1654,136806.8636150616
194,1655,131135.64180973353
195,1656,146482.10485656708
196,1657,141969.90051398444
197,1658,158143.5661160024
198,1659,121293.97860115112
199,1660,194202.46548159787
200,1661,330507.7416700637
201,1662,281501.8138523168
202,1663,301150.73732428695
203,1664,323079.10031034215
204,1665,270191.80933415535
205,1666,317098.3727949617
206,1667,299454.5303000937
207,1668,297490.58253225434
208,1669,267209.40299033246
209,1670,279083.5414567074
210,1671,271216.6184367932
211,1672,300962.52395478595
212,1673,277284.0670523824
213,1674,256819.095162246
214,1675,219310.1779385002
215,1676,214784.88027786522
216,1677,219870.21898993145
217,1678,340918.1574172775
218,1679,312531.0896418892
219,1680,265963.7165833082
220,1681,241433.16321243753
221,1682,297188.95696426934
222,1683,209007.57063662843
223,1684,186862.48146081754
224,1685,202366.09426902418
225,1686,191485.6750953776
226,1687,183197.21909384907
227,1688,213199.97573358665
228,1689,204652.88842815108
229,1690,200627.0332435671
230,1691,200238.35872736736
231,1692,237169.33289257833
232,1693,172839.77812925665
233,1694,188879.7282226701
234,1695,166363.24588511535
235,1696,239194.38879207236
236,1697,169420.3691616368
237,1698,280543.62949556555
238,1699,284144.6750410489
239,1700,262288.01763808646
240,1701,248648.29777924798
241,1702,243542.78291960224
242,1703,237931.214818678
243,1704,251948.7690863046
244,1705,259560.55462588466
245,1706,304311.0568455346
246,1707,226893.25018023944
247,1708,214339.42706182474
248,1709,252234.61890347215
249,1710,220901.02562622807
250,1711,266153.76133522805
251,1712,256005.08295617567
252,1713,214333.10822112567
253,1714,204471.3392703911
254,1715,211799.75457512404
255,1716,188080.59776224152
256,1717,180121.52979071083
257,1718,153089.7948271684
258,1719,230110.0283732562
259,1720,245783.77126817178
260,1721,170832.90045640332
261,1722,141701.69777908846
262,1723,163597.71821672533
263,1724,217419.58150201337
264,1725,245324.5764415061
265,1726,196828.05789941567
266,1727,157067.88760440226
267,1728,194858.96332855214
268,1729,190203.09007441197
269,1730,164261.74191097068
270,1731,125746.98811379127
271,1732,134228.04896801378
272,1733,121222.94736607108
273,1734,124978.63700233723
274,1735,142503.60655588936
275,1736,131149.1187931823
276,1737,238918.19006691972
277,1738,246950.63968407767
278,1739,198831.63127354122
279,1740,212902.70200697173
280,1741,196103.3468561052
281,1742,170540.71874230565
282,1743,184259.9341193682
283,1744,249011.72517707554
284,1745,182244.8674940843
285,1746,173792.11834567063
286,1747,204532.24118445872
287,1748,230425.1375266674
288,1749,159372.80432911243
289,1750,137339.6007281894
290,1751,239576.25080542886
291,1752,129057.06421170839
292,1753,135441.4363010176
293,1754,191124.8883624542
294,1755,182226.42830330733
295,1756,109000.97814199454
296,1757,121381.24581629096
297,1758,150636.65801592488
298,1759,145575.43814834533
299,1760,166328.11330960883
300,1761,144197.40368032613
301,1762,169211.19482310675
302,1763,182885.69085718633
303,1764,116497.6271007407
304,1765,134363.4410387101
305,1766,174928.91818919044
306,1767,186319.15520503116
307,1768,138405.76853837096
308,1769,158903.66317496402
309,1770,159564.5604550083
310,1771,134585.2402465727
311,1772,126121.51118068397
312,1773,135091.66657619504
313,1774,152906.22194925102
314,1775,154069.32515610065
315,1776,117981.86219615523
316,1777,102573.73417202287
317,1778,140403.03025624494
318,1779,145562.08758551945
319,1780,154143.80393711926
320,1781,119828.98295489168
321,1782,114077.84558402425
322,1783,175892.97119741834
323,1784,131105.33636230574
324,1785,114870.7939210994
325,1786,137742.56282703415
326,1787,185902.205243629
327,1788,82161.83088484273
328,1789,106384.21979292459
329,1790,116172.04961125377
330,1791,195652.36063402635
331,1792,134903.11788651245
332,1793,126874.85425001023
333,1794,146804.2304044449
334,1795,143917.20474879417
335,1796,171375.33138240635
336,1797,116118.72212954551
337,1798,144230.6035283233
338,1799,105262.99723562117
339,1800,138494.48119179124
340,1801,137765.0112110785
341,1802,129681.75090897898
342,1803,155786.64118458595
343,1804,147934.9340426664
344,1805,138509.297700988
345,1806,132307.12772132375
346,1807,107867.56047860708
347,1808,122282.14838919122
348,1809,118615.41996808101
349,1810,120821.02819961595
350,1811,73874.37221532263
351,1812,87244.94449385801
352,1813,109484.00980682492
353,1814,85215.57129484924
354,1815,49699.948592854256
355,1816,108879.15385944248
356,1817,113468.03381409193
357,1818,130906.56224597448
358,1819,162763.5801592706
359,1820,87213.38589512682
360,1821,103613.65585579484
361,1822,155198.5393171953
362,1823,48932.904336505104
363,1824,129127.04918733076
364,1825,141959.1762219289
365,1826,153268.84737608954
366,1827,97823.00527108448
367,1828,122965.74829437277
368,1829,118167.64170897465
369,1830,134458.85003566614
370,1831,125086.76642710224
371,1832,91178.65676001112
372,1833,131166.8683605226
373,1834,149043.02548622078
374,1835,146049.812743366
375,1836,118938.18863520394
376,1837,102503.11088227
377,1838,107042.8554051434
378,1839,112176.31601744461
379,1840,137958.7652689186
380,1841,153963.06544124166
381,1842,119149.1262012786
382,1843,156338.27048946655
383,1844,175539.10114733787
384,1845,147183.9148654022
385,1846,161725.4825908182
386,1847,169237.87211132015
387,1848,49212.05277458369
388,1849,101455.79910244622
389,1850,119006.22641972674
390,1851,143706.24803671366
391,1852,120310.72590021366
392,1853,133899.9447837649
393,1854,156474.8482674493
394,1855,161205.07247748488
395,1856,215904.56553907547
396,1857,159866.12583190738
397,1858,148024.18513087474
398,1859,116492.88121667133
399,1860,156093.69797580224
400,1861,118677.24651746414
401,1862,283710.18392770295
402,1863,277879.5610763058
403,1864,277880.5390635415
404,1865,288530.5381894366
405,1866,272358.57991037366
406,1867,212681.0408415659
407,1868,260327.59370721702
408,1869,202438.9865406622
409,1870,217304.31021982187
410,1871,250624.4653868078
411,1872,208003.0335121794
412,1873,228246.65455734165
413,1874,169138.8198806222
414,1875,191359.87129607768
415,1876,208678.0059664824
416,1877,206260.57718230766
417,1878,207645.59174987295
418,1879,158894.70791095326
419,1880,130015.74116961325
420,1881,235198.3007627423
421,1882,240641.68447940447
422,1883,206016.34913586796
423,1884,202957.11003012588
424,1885,226470.80103500898
425,1886,249879.29781844612
426,1887,211612.96344494825
427,1888,229604.87331108976
428,1889,203960.68028515886
429,1890,126113.60113852163
430,1891,143931.2819417142
431,1892,105336.77755880848
432,1893,115280.97766541717
433,1894,144207.67956285324
434,1895,133970.82237080895
435,1896,126524.66406521207
436,1897,146343.74469860358
437,1898,126543.34531579932
438,1899,174720.53545555595
439,1900,172732.86723476008
440,1901,151064.29481843367
441,1902,145650.960825041
442,1903,189008.340463271
443,1904,159830.06101118497
444,1905,186762.20441312465
445,1906,171894.23579627613
446,1907,201279.00285792415
447,1908,99929.0030820102
448,1909,135449.48943297763
449,1910,122620.99394807023
450,1911,197532.99634448005
451,1912,244629.06311122217
452,1913,153691.0806858561
453,1914,74337.75171622232
454,1915,278059.41312096483
455,1916,51897.413331986696
456,1917,231417.3429552792
457,1918,144239.6444989674
458,1919,164277.37313728043
459,1920,144511.31118665147
460,1921,296215.4127599371
461,1922,294871.48061139625
462,1923,219040.80876000266
463,1924,257781.60217321262
464,1925,207111.49676796293
465,1926,316423.1889960996
466,1927,135888.40433810969
467,1928,164222.4507966094
468,1929,125450.46744871413
469,1930,149776.00462639023
470,1931,150902.87505320372
471,1932,152713.60777176978
472,1933,221214.6425258494
473,1934,186681.79385943222
474,1935,198013.31780856714
475,1936,211888.6086943573
476,1937,187859.35329585208
477,1938,162393.47301881327
478,1939,231285.65543896935
479,1940,185004.78096515097
480,1941,186067.4616230162
481,1942,182574.16955030157
482,1943,210110.68027547735
483,1944,315752.0074246715
484,1945,302797.91035405605
485,1946,152260.7725329239
486,1947,265020.63019808976
487,1948,161108.52482719597
488,1949,198756.2524458355
489,1950,183594.07109202258
490,1951,217622.481247376
491,1952,199663.0976681452
492,1953,202294.671216594
493,1954,183756.75421485223
494,1955,136195.82583953714
495,1956,265517.2031729538
496,1957,150045.760185153
497,1958,250597.56088948125
498,1959,143699.08819209324
499,1960,124931.44927779154
500,1961,137535.37605990496
501,1962,97642.61985928866
502,1963,103832.1006779585
503,1964,100409.18230952622
504,1965,153609.79747483504
505,1966,124638.27146658998
506,1967,286145.0461557626
507,1968,324414.8469689223
508,1969,308013.8275602027
509,1970,323086.3768300017
510,1971,360181.88258972234
511,1972,314429.9275578397
512,1973,290099.38224522874
513,1974,288228.4407512215
514,1975,320389.0319425809
515,1976,256064.89024033863
516,1977,289865.28824526456
517,1978,309671.48605791316
518,1979,266905.8376820031
519,1980,215411.69593959293
520,1981,269716.8888665238
521,1982,227649.28568893956
522,1983,221071.13508505386
523,1984,204356.95439575813
524,1985,221964.07559060643
525,1986,186672.2259418138
526,1987,233617.4121763385
527,1988,196468.38924111132
528,1989,200255.9626482063
529,1990,225419.98619143735
530,1991,234535.8529674707
531,1992,220502.543003487
532,1993,196132.42965939466
533,1994,197415.81327663647
534,1995,194043.16879706463
535,1996,254701.18099951057
536,1997,279748.39499665657
537,1998,265901.53847682767
538,1999,262386.0737509389
539,2000,278717.94084029185
540,2001,296058.1364114779
541,2002,222671.24585866043
542,2003,260280.49033386068
543,2004,294204.2156931732
544,2005,241569.10503812332
545,2006,216330.2818911398
546,2007,233893.84220489362
547,2008,244558.95984390483
548,2009,212745.25148500787
549,2010,221081.98473765305
550,2011,160097.9721672201
551,2012,201356.98025290717
552,2013,212616.33667473297
553,2014,203217.2349175027
554,2015,236055.10926281154
555,2016,206847.29791395954
556,2017,202501.62032471693
557,2018,155315.79513689867
558,2019,145344.59519219643
559,2020,90712.98581953665
560,2021,122711.64999433496
561,2022,183046.18684599936
562,2023,149299.1742214866
563,2024,265881.922487087
564,2025,305525.56142566924
565,2026,163222.87252219906
566,2027,166144.28371501996
567,2028,150458.93207187875
568,2029,173119.9297436505
569,2030,220450.3222865428
570,2031,202943.434971911
571,2032,200519.18813279708
572,2033,205576.8738303883
573,2034,168261.2745992913
574,2035,230168.6763390825
575,2036,182150.33811425534
576,2037,189418.5726389747
577,2038,232736.1916916406
578,2039,235759.04987609072
579,2040,229673.78811736015
580,2041,217706.5673771361
581,2042,216720.1052645753
582,2043,166994.00185491063
583,2044,148530.29131349886
584,2045,181939.44684329402
585,2046,134895.50482025614
586,2047,145322.64143180108
587,2048,149026.3012308793
588,2049,139015.47663071397
589,2050,170200.15482132303
590,2051,99628.24691645395
591,2052,131551.08113978128
592,2053,148076.50930223492
593,2054,120698.78649865289
594,2055,140055.98543239513
595,2056,149083.85757604433
596,2057,128448.42947710745
597,2058,204860.25184973323
598,2059,151770.8146627032
599,2060,147683.10405444924
600,2061,152076.02073670324
601,2062,131125.55458845024
602,2063,127250.88608844006
603,2064,135052.57567716227
604,2065,125087.36646397592
605,2066,166761.39793159685
606,2067,141913.99519702763
607,2068,122991.40315997323
608,2069,77300.42410205712
609,2070,135161.1991099189
610,2071,147765.50481511152
611,2072,159008.55807997234
612,2073,133665.12546540052
613,2074,174080.90816929928
614,2075,168704.31514785567
615,2076,98726.85236847252
616,2077,159517.6459435809
617,2078,131402.10905167763
618,2079,120385.06023322744
619,2080,111436.87213304245
620,2081,134744.51238333847
621,2082,116351.15037005494
622,2083,131589.91492164313
623,2084,115063.02285207932
624,2085,129001.24078466385
625,2086,114986.49102627384
626,2087,121505.69435736262
627,2088,115124.51059015006
628,2089,82185.05558559402
629,2090,135404.96267079306
630,2091,107598.56622591188
631,2092,117162.7815321207
632,2093,83548.23526389858
633,2094,117875.6758429997
634,2095,140840.69240139742
635,2096,78300.89119086775
636,2097,104366.53010998572
637,2098,126906.74223793836
638,2099,57151.07297587523
639,2100,90382.829793293
640,2101,115853.28733549635
641,2102,113532.08233405501
642,2103,118828.21004053016
643,2104,125313.42650734901
644,2105,127186.89132730916
645,2106,69316.77191737955
646,2107,167157.84185879212
647,2108,102302.03857376547
648,2109,106718.64118881196
649,2110,131954.35721549264
650,2111,113679.87320372797
651,2112,141014.68279050555
652,2113,126856.1645901629
653,2114,128357.39211706922
654,2115,140606.57049914636
655,2116,122010.49050657147
656,2117,155651.72186103172
657,2118,122011.88645395185
658,2119,116249.55819869862
659,2120,146603.16987298455
660,2121,89243.0499394613
661,2122,126290.61173427048
662,2123,85468.61014590427
663,2124,137746.79100209748
664,2125,124997.09213149273
665,2126,181266.46933281195
666,2127,149659.02947535645
667,2128,125157.31895515724
668,2129,88516.57899742678
669,2130,121769.5811306414
670,2131,141010.90211314874
671,2132,112903.84510000328
672,2133,109662.45426628062
673,2134,142741.69224362052
674,2135,92940.29322450266
675,2136,89943.07806701792
676,2137,103067.29706930609
677,2138,117597.59530831243
678,2139,146569.28049718705
679,2140,146099.99446815165
680,2141,173878.02972752033
681,2142,145124.3630306849
682,2143,164725.61369160845
683,2144,110222.53166164804
684,2145,153514.428931518
685,2146,153097.46476963424
686,2147,150003.4933677368
687,2148,130066.95600388844
688,2149,160615.05263791484
689,2150,216080.3521670113
690,2151,128671.13316198034
691,2152,175725.73633762286
692,2153,151277.21850866574
693,2154,100768.29252062616
694,2155,153318.38079421985
695,2156,234921.37777215318
696,2157,212459.87071931706
697,2158,223319.7014142847
698,2159,208760.9211639213
699,2160,214195.13771286444
700,2161,231847.85393877258
701,2162,295469.87402672763
702,2163,285631.1522269049
703,2164,252495.87385771069
704,2165,198864.4532273332
705,2166,158658.7191087262
706,2167,233529.64830391543
707,2168,214359.67923477053
708,2169,212984.46200633683
709,2170,206861.12231026764
710,2171,153555.3425313374
711,2172,126055.63851479035
712,2173,155909.0727363996
713,2174,216785.08715309022
714,2175,244851.00823723408
715,2176,272390.2870204401
716,2177,228403.36937814121
717,2178,222406.46127901622
718,2179,140928.93480175926
719,2180,173237.59570386918
720,2181,197195.1688209754
721,2182,213741.26849339192
722,2183,193901.95223660496
723,2184,118995.80499435648
724,2185,162321.92041979116
725,2186,141028.4587087917
726,2187,166687.26753920212
727,2188,177794.36722199223
728,2189,192986.46877002402
729,2190,71652.34966694893
730,2191,60793.89479930661
731,2192,80751.23666238363
732,2193,115044.80194451998
733,2194,118162.2799975986
734,2195,126941.6937815986
735,2196,108497.11856929818
736,2197,136509.74582858125
737,2198,151038.86968777364
738,2199,168917.54828233118
739,2200,157049.98814074585
740,2201,157669.70249357648
741,2202,199833.63046057074
742,2203,188360.92207142775
743,2204,181357.77857157524
744,2205,135792.9314649911
745,2206,174624.9656511236
746,2207,230670.7266119987
747,2208,215426.07581408106
748,2209,195880.56970881295
749,2210,107322.2866505913
750,2211,107807.18977823765
751,2212,123379.06421733974
752,2213,107615.01742214694
753,2214,126267.4208000808
754,2215,110945.31092508508
755,2216,147082.97064703243
756,2217,58853.86801979301
757,2218,79791.66584963049
758,2219,97608.70817349435
759,2220,98995.76097070707
760,2221,283709.0200600458
761,2222,263296.9645982612
762,2223,230907.56669354413
763,2224,204383.689145713
764,2225,130282.15592423854
765,2226,169367.6013235192
766,2227,183725.33404769012
767,2228,282047.45066158054
768,2229,258211.9946641875
769,2230,179181.97184396628
770,2231,256462.10790676656
771,2232,177405.81705947043
772,2233,192268.63672472298
773,2234,252814.76833340898
774,2235,214692.50523596228
775,2236,232375.0966630435
776,2237,265856.2402661062
777,2238,202422.70624739892
778,2239,109952.3693182686
779,2240,157940.40473622095
780,2241,167523.62030254956
781,2242,131930.12830383252
782,2243,156129.8146445985
783,2244,122557.149972101
784,2245,119817.39510885095
785,2246,137284.44529858947
786,2247,115867.3541891926
787,2248,128373.54266216363
788,2249,138040.67250243865
789,2250,134654.59859750158
790,2251,124451.73656645884
791,2252,155339.6583235246
792,2253,168051.14459939647
793,2254,175975.74324948236
794,2255,182734.9362030396
795,2256,178751.45600320952
796,2257,214322.2516698966
797,2258,172662.21989548422
798,2259,181477.3180613048
799,2260,127294.96190084696
800,2261,205007.95174838923
801,2262,224174.8199505451
802,2263,300349.4012469434
803,2264,339465.00453501754
804,2265,145603.46146076586
805,2266,249069.3931052431
806,2267,287712.382737341
807,2268,331078.6602326466
808,2269,154181.07123142487
809,2270,201202.22177721298
810,2271,196039.6066503403
811,2272,215629.32683942115
812,2273,169390.38143496198
813,2274,180739.60005802926
814,2275,179267.85557858198
815,2276,214156.50401983346
816,2277,174204.89212815673
817,2278,127747.1598092825
818,2279,148629.5626232549
819,2280,102916.77332094286
820,2281,156772.204108678
821,2282,155934.99157200934
822,2283,105404.20470449445
823,2284,110929.1973017446
824,2285,127920.89204285292
825,2286,132256.18457805095
826,2287,319672.4313080709
827,2288,287453.19544057304
828,2289,292173.8081654757
829,2290,349909.77201603306
830,2291,295946.9304777441
831,2292,323499.59058016236
832,2293,346987.9037819767
833,2294,315574.99061098637
834,2295,351936.2318382221
835,2296,253126.488231147
836,2297,320549.46833416977
837,2298,312159.8028693701
838,2299,299147.42154663923
839,2300,278434.13441951264
840,2301,307552.76105092524
841,2302,251365.5019151069
842,2303,235940.91579298206
843,2304,254361.47038989805
844,2305,224765.40992588422
845,2306,212347.3117919609
846,2307,216609.96169938258
847,2308,226565.3233745104
848,2309,242397.85167099908
849,2310,232711.35976102285
850,2311,208091.53231948946
851,2312,184839.91653946176
852,2313,182995.1212137314
853,2314,206176.95250410144
854,2315,200338.21386555926
855,2316,193556.4874764433
856,2317,188250.69233706425
857,2318,218269.39276993694
858,2319,216519.74896424887
859,2320,201080.45594196097
860,2321,234855.0563442865
861,2322,222154.1519810792
862,2323,198752.47107229877
863,2324,182206.01411335185
864,2325,210194.2850997108
865,2326,190842.71716321976
866,2327,220438.25223116594
867,2328,211595.19166844123
868,2329,186279.83254382125
869,2330,186911.61252565694
870,2331,305215.31543115596
871,2332,305450.5316288673
872,2333,255151.30582766567
873,2334,255285.41133873496
874,2335,261075.56441113053
875,2336,276133.72604400176
876,2337,207782.8559949327
877,2338,245121.52976875548
878,2339,222518.58478529874
879,2340,310609.8725315129
880,2341,222314.33049707732
881,2342,224565.9372888579
882,2343,241718.76849249814
883,2344,206861.947613607
884,2345,221214.55069866887
885,2346,214957.75868572004
886,2347,207119.33435733177
887,2348,238365.59021673174
888,2349,199349.76804657362
889,2350,269337.93183635693
890,2351,249030.36500731684
891,2352,230958.76901696308
892,2353,243921.2712561484
893,2354,161573.71197914507
894,2355,159518.63863271667
895,2356,175884.18450013926
896,2357,207023.2360329142
897,2358,204180.95227972837
898,2359,140940.1929883931
899,2360,117722.69121321007
900,2361,137387.4436103662
901,2362,226188.53960514895
902,2363,160807.80494357063
903,2364,170606.853639411
904,2365,189800.47443843092
905,2366,204784.25916356384
906,2367,206168.61795907028
907,2368,198217.93520632837
908,2369,203487.81402122043
909,2370,172174.59941839147
910,2371,166775.4080600856
911,2372,204243.4391923024
912,2373,253951.29284783226
913,2374,258106.13360416947
914,2375,218938.9299781597
915,2376,217479.21245732444
916,2377,248456.03052661975
917,2378,152971.4908908342
918,2379,194235.48875037092
919,2380,160837.8404979777
920,2381,184458.9893898887
921,2382,183608.39051402494
922,2383,197231.45621705567
923,2384,222388.0929089624
924,2385,163607.63366543635
925,2386,153015.27657164252
926,2387,138093.00944391254
927,2388,79154.4732101768
928,2389,113981.30741917632
929,2390,148257.0357838351
930,2391,157116.5241433179
931,2392,134786.31615119433
932,2393,166810.2944310035
933,2394,152990.3018894749
934,2395,204703.41780396947
935,2396,143106.88803172426
936,2397,180489.45024731406
937,2398,143065.86381982235
938,2399,64582.52209628711
939,2400,86472.03047444636
940,2401,123802.2045245878
941,2402,137818.83851545816
942,2403,130816.886048422
943,2404,144140.98518495914
944,2405,164663.29040564754
945,2406,137467.1742167603
946,2407,113132.41019429002
947,2408,139281.17506361476
948,2409,134469.27917049083
949,2410,162290.47382824455
950,2411,111022.32672727441
951,2412,148761.65502582482
952,2413,134636.9740883883
953,2414,136479.3048737737
954,2415,132909.66241751437
955,2416,107186.69168583273
956,2417,131950.81654522166
957,2418,131397.48380326753
958,2419,142033.14982214902
959,2420,132633.13814179815
960,2421,130916.13224339907
961,2422,99020.13719248059
962,2423,115203.52316275748
963,2424,155925.923190362
964,2425,197458.41923249105
965,2426,129042.55429700468
966,2427,140258.90059004468
967,2428,181721.87820041375
968,2429,117891.4225511751
969,2430,142665.2033120137
970,2431,118656.96907472867
971,2432,170662.16780958016
972,2433,154906.98270690057
973,2434,150271.53470111062
974,2435,161028.78361261723
975,2436,125095.16947210896
976,2437,108808.0544619697
977,2438,127903.50762452753
978,2439,104832.64471840221
979,2440,121091.57499477736
980,2441,78813.6047366191
981,2442,105779.57988445628
982,2443,119795.3971759685
983,2444,145344.61904869822
984,2445,93569.89293679
985,2446,119059.83117551246
986,2447,170004.11643956887
987,2448,128375.77052342288
988,2449,112515.1557939081
989,2450,133531.78690374581
990,2451,150862.96346582094
991,2452,161983.9140357919
992,2453,85052.37195792823
993,2454,113813.11764844712
994,2455,134523.97378289315
995,2456,104888.47596742924
996,2457,133793.32555913384
997,2458,135229.85396109993
998,2459,106587.45807080281
999,2460,132032.07191500874
1000,2461,128193.19727608672
1001,2462,133454.25754502026
1002,2463,109182.55203539517
1003,2464,147411.1773107308
1004,2465,156957.6461199398
1005,2466,135598.70337623236
1006,2467,137048.73955183322
1007,2468,90435.34258621618
1008,2469,75396.1629688217
1009,2470,162849.65691707455
1010,2471,175351.67272098572
1011,2472,131828.01842953905
1012,2473,102447.98235015418
1013,2474,74282.24695763495
1014,2475,177258.7327248539
1015,2476,109379.16283314295
1016,2477,110182.83141136353
1017,2478,143422.4896408844
1018,2479,100469.85615497253
1019,2480,175350.60751785207
1020,2481,141949.95282110188
1021,2482,115756.91112820934
1022,2483,130124.79249984812
1023,2484,125711.44955165972
1024,2485,125055.46071721704
1025,2486,171198.81330220425
1026,2487,190651.9634339022
1027,2488,162504.59866500797
1028,2489,147353.02524709475
1029,2490,173409.22636802145
1030,2491,82899.75112932018
1031,2492,207632.16352016694
1032,2493,160782.15255895903
1033,2494,122841.51330388451
1034,2495,82779.64280192001
1035,2496,229297.0189305251
1036,2497,135367.28884463425
1037,2498,130853.93380973702
1038,2499,95290.27642777338
1039,2500,124904.40170244568
1040,2501,112555.54584988375
1041,2502,160503.5560742959
1042,2503,111329.77951152783
1043,2504,169961.74488549528
1044,2505,219926.77394861117
1045,2506,242856.35351039126
1046,2507,255572.53382292073
1047,2508,240427.431765789
1048,2509,207971.86162666205
1049,2510,211598.27246249758
1050,2511,175931.94580896152
1051,2512,222825.6522725399
1052,2513,217772.04454626693
1053,2514,212981.44799633088
1054,2515,167106.55748857502
1055,2516,191882.10943969342
1056,2517,158210.32416312897
1057,2518,165882.14096561493
1058,2519,236714.07434176345
1059,2520,222945.77358420636
1060,2521,193493.6729297369
1061,2522,221586.1524557858
1062,2523,126624.90486045061
1063,2524,139599.8380078577
1064,2525,135555.74300534517
1065,2526,160463.85948992328
1066,2527,136915.15653767245
1067,2528,136174.40407542017
1068,2529,141130.47933499902
1069,2530,137419.62257098395
1070,2531,216823.75022496626
1071,2532,209021.81447396
1072,2533,214263.44852991647
1073,2534,233275.44380361855
1074,2535,242077.53564719835
1075,2536,233938.68171000766
1076,2537,225546.6337757103
1077,2538,204512.52918929153
1078,2539,185088.03953629266
1079,2540,198647.5002566542
1080,2541,198188.65604057605
1081,2542,188894.41724450176
1082,2543,147704.59547384808
1083,2544,116241.38556240269
1084,2545,124623.50670357524
1085,2546,137911.8410153059
1086,2547,126982.60702370819
1087,2548,163878.35884320684
1088,2549,186597.4655614638
1089,2550,364956.55731922033
1090,2551,156355.0763051035
1091,2552,121178.92174213061
1092,2553,71052.8508335572
1093,2554,76161.41994991052
1094,2555,134596.2200544849
1095,2556,97934.76374494412
1096,2557,106544.5315831026
1097,2558,166706.8554384791
1098,2559,157036.12121096096
1099,2560,163317.3477140917
1100,2561,156658.87601180002
1101,2562,141164.25024568063
1102,2563,153826.0814760225
1103,2564,173983.56901253096
1104,2565,140168.69286991912
1105,2566,190567.60101149333
1106,2567,130703.12898860467
1107,2568,198208.50114088372
1108,2569,225409.53974825918
1109,2570,99769.04057779626
1110,2571,197479.44445948757
1111,2572,134993.9015575618
1112,2573,208778.16816014668
1113,2574,218796.18833687954
1114,2575,132770.56726824393
1115,2576,108413.43127850749
1116,2577,116256.1979622191
1117,2578,79564.43858259407
1118,2579,62059.87233662588
1119,2580,100670.49131175618
1120,2581,120712.19345743213
1121,2582,125607.44983986337
1122,2583,272417.75196678704
1123,2584,154514.9013626934
1124,2585,199877.76148854237
1125,2586,197590.54747079924
1126,2587,182640.75248983759
1127,2588,147692.20158406912
1128,2589,147992.94999996584
1129,2590,193370.95598333073
1130,2591,206278.24488294148
1131,2592,214932.00086713623
1132,2593,248609.37444266508
1133,2594,173686.40458072693
1134,2595,203249.86852846848
1135,2596,255070.42358072114
1136,2597,219108.13056538923
1137,2598,283283.2420183002
1138,2599,296373.1676638509
1139,2600,102010.36721543093
1140,2601,145180.4430696104
1141,2602,105258.64404963296
1142,2603,109707.8464964371
1143,2604,104146.01439856991
1144,2605,112912.86577683629
1145,2606,176103.4511711194
1146,2607,206118.34557094646
1147,2608,185522.2647156932
1148,2609,188106.89748943457
1149,2610,101133.01509737036
1150,2611,129605.85185142136
1151,2612,169108.27312695194
1152,2613,132410.43926547564
1153,2614,125890.79283137948
1154,2615,155713.6076947396
1155,2616,164208.85396048235
1156,2617,166516.69586378266
1157,2618,198943.6019358207
1158,2619,172598.51543311193
1159,2620,192150.37517928227
1160,2621,184102.61298199045
1161,2622,184734.51081825804
1162,2623,243197.9636680496
1163,2624,264662.553062194
1164,2625,247855.1161981299
1165,2626,181401.67997497166
1166,2627,151533.7704012112
1167,2628,338959.5280961101
1168,2629,372600.15066680656
1169,2630,334098.0193039814
1170,2631,327426.27246674965
1171,2632,319282.3720197432
1172,2633,263980.5137031027
1173,2634,314552.443853304
1174,2635,168770.4523940083
1175,2636,192790.81127349345
1176,2637,206490.19309886513
1177,2638,233903.65093583087
1178,2639,178581.83690880548
1179,2640,154135.4639771654
1180,2641,112298.68592503616
1181,2642,156242.70283531208
1182,2643,105440.05044269728
1183,2644,118728.34258950764
1184,2645,110949.50353815645
1185,2646,100038.30393431758
1186,2647,107881.36794509254
1187,2648,140915.09179062973
1188,2649,154687.60932706186
1189,2650,126495.82666807002
1190,2651,154327.83765609976
1191,2652,317271.71144623205
1192,2653,260288.0058494762
1193,2654,285445.0009162856
1194,2655,329561.5359842512
1195,2656,316220.6888136614
1196,2657,294909.79646809923
1197,2658,304336.9039359614
1198,2659,297628.3216274672
1199,2660,312833.698370985
1200,2661,304324.88968887675
1201,2662,309096.3446470091
1202,2663,267337.00683063274
1203,2664,238887.1872047218
1204,2665,266087.14389913337
1205,2666,254909.73009444808
1206,2667,197457.78152204477
1207,2668,194401.06824584195
1208,2669,201556.35709934
1209,2670,256353.9100165841
1210,2671,206714.7961368484
1211,2672,213628.30734846834
1212,2673,198794.55701792918
1213,2674,183377.50776213972
1214,2675,212888.8962272408
1215,2676,210811.07416508585
1216,2677,192988.38074101077
1217,2678,221623.21322287447
1218,2679,272813.8827552439
1219,2680,266173.6633201473
1220,2681,294706.4880845416
1221,2682,284748.1696988391
1222,2683,339548.49354338244
1223,2684,297097.07966845244
1224,2685,263939.7929611992
1225,2686,274352.0715515659
1226,2687,255293.69306568435
1227,2688,232523.06269460946
1228,2689,206539.75384555262
1229,2690,265202.2075308005
1230,2691,207565.2377867868
1231,2692,154122.26676299053
1232,2693,237918.1443446024
1233,2694,156755.75114149216
1234,2695,223364.5331757634
1235,2696,216806.77435419813
1236,2697,205417.9826090073
1237,2698,197706.11588759295
1238,2699,164557.97487570232
1239,2700,155253.54983602656
1240,2701,189589.32526914732
1241,2702,138763.7779021656
1242,2703,120254.61209426472
1243,2704,138464.39695319446
1244,2705,124053.995200327
1245,2706,136513.9847625745
1246,2707,122459.40786819831
1247,2708,127804.82974137957
1248,2709,93216.18943412571
1249,2710,132992.2633951846
1250,2711,238902.42098741536
1251,2712,311979.9722685063
1252,2713,170145.85089311094
1253,2714,165171.28483597148
1254,2715,166242.5410316145
1255,2716,173017.7285305511
1256,2717,227115.16854193213
1257,2718,228725.37925082113
1258,2719,149712.94223882206
1259,2720,169117.95962079876
1260,2721,139105.7282873613
1261,2722,171667.5011182553
1262,2723,160357.17940898496
1263,2724,152816.43366696266
1264,2725,131759.533006769
1265,2726,171249.43164865137
1266,2727,173161.83237266223
1267,2728,176916.10054464918
1268,2729,154090.6780036642
1269,2730,147386.62227405183
1270,2731,122418.8078994146
1271,2732,137621.635365519
1272,2733,146153.46494928267
1273,2734,150338.664505077
1274,2735,139281.83793187415
1275,2736,145549.26742215155
1276,2737,115406.12898849495
1277,2738,125287.95279183936
1278,2739,143419.48668789098
1279,2740,151573.9746713673
1280,2741,149602.38642866127
1281,2742,161408.898641222
1282,2743,155729.4068676227
1283,2744,170522.54514332628
1284,2745,158682.53382274805
1285,2746,136092.68404297874
1286,2747,149675.9286246839
1287,2748,118977.65578045933
1288,2749,134416.90480397185
1289,2750,133010.76349921472
1290,2751,147481.06050724964
1291,2752,186168.2117983412
1292,2753,159817.85874466816
1293,2754,183802.91226117354
1294,2755,134580.6346508348
1295,2756,136155.89497336646
1296,2757,91544.5805031058
1297,2758,126905.15356860723
1298,2759,152218.05085781944
1299,2760,139782.9999822789
1300,2761,144076.56104742346
1301,2762,145402.33826061588
1302,2763,170067.428345203
1303,2764,151507.96237873874
1304,2765,221483.34931731303
1305,2766,128603.1115089001
1306,2767,88169.59657016312
1307,2768,132738.5642739897
1308,2769,154411.84755040525
1309,2770,120772.52888359205
1310,2771,114932.01746667773
1311,2772,92314.18849595197
1312,2773,204541.73441867938
1313,2774,132475.4057279192
1314,2775,122878.87760736218
1315,2776,136201.04078313537
1316,2777,154376.4523241554
1317,2778,97979.20888363391
1318,2779,123934.44080423644
1319,2780,83167.39538126849
1320,2781,96247.6889128912
1321,2782,111905.94731704953
1322,2783,97354.58411682479
1323,2784,108052.10021581851
1324,2785,159492.09697168844
1325,2786,68149.45461398829
1326,2787,110406.26757295286
1327,2788,83446.7148772983
1328,2789,163768.75322330062
1329,2790,92674.20034883231
1330,2791,119665.1810756173
1331,2792,69857.41989665976
1332,2793,161972.83351311312
1333,2794,107878.2952144127
1334,2795,126931.07998978013
1335,2796,118027.29844412353
1336,2797,154660.40944836175
1337,2798,100403.86445688647
1338,2799,122655.43168495745
1339,2800,57180.31065293681
1340,2801,99857.94282747168
1341,2802,131233.97797267645
1342,2803,150902.63531291747
1343,2804,118187.81304485527
1344,2805,80723.10003023857
1345,2806,98334.23817523097
1346,2807,177485.72921867733
1347,2808,163432.3091608312
1348,2809,130172.66122759761
1349,2810,132886.5678005545
1350,2811,151080.16381791688
1351,2812,173824.90248932125
1352,2813,170897.3352301051
1353,2814,173754.5273984453
1354,2815,109548.71243829616
1355,2816,190029.84557272767
1356,2817,167097.7430023803
1357,2818,151410.95393296288
1358,2819,175666.7171552835
1359,2820,136519.86465622214
1360,2821,122494.05992671622
1361,2822,173503.18994242646
1362,2823,209672.80513497058
1363,2824,183569.85392099092
1364,2825,161944.7011204937
1365,2826,161929.9846934111
1366,2827,149748.57202403105
1367,2828,201559.68131386567
1368,2829,189693.77868389708
1369,2830,224223.50226460374
1370,2831,182789.2447951725
1371,2832,227523.41368781953
1372,2833,270870.28335032804
1373,2834,245259.52314858753
1374,2835,237424.2279150092
1375,2836,225286.6484258204
1376,2837,156752.67252890335
1377,2838,167952.96467012056
1378,2839,211643.19843452203
1379,2840,202467.41747419513
1380,2841,197177.63399546576
1381,2842,223069.16937412336
1382,2843,160327.4072137187
1383,2844,152037.81355617434
1384,2845,118212.11195802646
1385,2846,222202.9572546492
1386,2847,230050.52096734906
1387,2848,198620.22310725768
1388,2849,205084.26828889665
1389,2850,241363.57820718165
1390,2851,201543.1787575977
1391,2852,224095.49273050748
1392,2853,233887.1852776151
1393,2854,148282.5910640944
1394,2855,189961.00973234168
1395,2856,219848.78588216729
1396,2857,204252.4377959337
1397,2858,198700.99688000447
1398,2859,150540.0122797481
1399,2860,159827.08708407846
1400,2861,120271.29308585853
1401,2862,234287.2466781495
1402,2863,149107.7534537766
1403,2864,229193.47746328195
1404,2865,166474.6046268656
1405,2866,142361.07947490615
1406,2867,119700.4104052231
1407,2868,109392.8425741001
1408,2869,110173.10602582483
1409,2870,139643.717818923
1410,2871,88386.77199659568
1411,2872,71890.79092018667
1412,2873,112911.40287116503
1413,2874,127273.41384624824
1414,2875,111735.78258702137
1415,2876,174307.48326125933
1416,2877,148433.4414008227
1417,2878,157524.88836667553
1418,2879,145046.23428715084
1419,2880,117352.90022800329
1420,2881,153599.69615477114
1421,2882,168705.30569599746
1422,2883,195399.28674508052
1423,2884,190682.67119470966
1424,2885,179523.7492106152
1425,2886,225700.80391955096
1426,2887,73131.82222882699
1427,2888,148799.4428287181
1428,2889,55822.154835975205
1429,2890,80029.69319807457
1430,2891,146238.9903237284
1431,2892,36781.10945851827
1432,2893,79862.34002627234
1433,2894,76580.23251484463
1434,2895,284933.40916258504
1435,2896,262961.45049083425
1436,2897,192524.7012043101
1437,2898,143039.72846343543
1438,2899,212787.61101452474
1439,2900,166222.86551641766
1440,2901,186705.44211553773
1441,2902,189210.391568647
1442,2903,280815.6124358975
1443,2904,298809.0977686139
1444,2905,73456.88117463212
1445,2906,197040.42098031368
1446,2907,152430.43217164936
1447,2908,151334.63727099934
1448,2909,140972.8650566172
1449,2910,81236.807211753
1450,2911,109848.2438105524
1451,2912,181532.28361924307
1452,2913,87132.16426822652
1453,2914,86122.26435131975
1454,2915,90294.14102073235
1455,2916,93661.3582469281
1456,2917,149161.92508432295
1457,2918,134933.87619266144
1458,2919,217876.09644428827
